{"acc": 75.9452936444087, "loss": 0.0005430805031210184, "_timestamp": 1712390310.8973472, "_runtime": 65.62079524993896, "_step": 9, "_wandb": {"runtime": 70}}