{"acc": 0.7449718423169751, "loss": 0.0007610761094838381, "_timestamp": 1712390597.7346117, "_runtime": 71.90138864517212, "_step": 999, "_wandb": {"runtime": 70}}